crop,daily_average,peak_threshold
French_Beans,95.500000,79.910000
Rice,91.735849,67.880000
Maize,82.792453,29.010000
Wheat,82.075472,55.530000
Jowar,79.867925,30.690000
Pineapple,78.754717,34.640000
Soybean,78.622642,67.460000
Jute,76.849057,43.990000
Cotton,75.981132,74.110000
Potato,74.333333,24.830000
