crop,daily_average,peak_threshold
French_Beans,95.500000,79.910000
Apple,77.497238,58.600000
Potato,74.333333,24.830000
Banana,66.394444,31.490000
Peanut,65.552147,29.150000
Mango,64.579618,47.580000
Sesame,45.166667,32.980000
Tabacco,39.418440,38.830000
